{
  "acc_cls_strat_id": 0.32636165577342047,
  "acc_cls_strat_id_top1": 0.7764705882352941,
  "acc_cls_strat_id_top3": 0.6065359477124183,
  "bleu-1": 19.2441068452095,
  "bleu-2": 7.354738786720541,
  "bleu-3": 3.5436468591170502,
  "bleu-4": 1.9496027828243743,
  "dist-1": 4.1397813698751635,
  "dist-2": 24.89720586861041,
  "dist-3": 50.095040608259886,
  "f1": 20.65358934220532,
  "f1_macro_cls_strat_id": 0.19864829656073366,
  "f1_micro_cls_strat_id": 0.32636165577342047,
  "length": 20.650980392156864,
  "perplexity": 16.88040542602539,
  "rouge-l": 16.700685283197917
}