{
  "acc_cls_strat_id": 0.2980392156862745,
  "acc_cls_strat_id_top1": 0.7494553376906318,
  "acc_cls_strat_id_top3": 0.6139433551198257,
  "bleu-1": 18.76172206284962,
  "bleu-2": 7.291650919057753,
  "bleu-3": 3.6231993759469163,
  "bleu-4": 2.0545765393356423,
  "dist-1": 3.9577222144619824,
  "dist-2": 24.085688285496445,
  "dist-3": 49.804504222708786,
  "f1": 20.97439264560201,
  "f1_macro_cls_strat_id": 0.1830247779672911,
  "f1_micro_cls_strat_id": 0.2980392156862745,
  "length": 19.716339869281047,
  "perplexity": 16.67605972290039,
  "rouge-l": 17.054401276076373
}